<?xml version="1.0" encoding="UTF-8"?>
<project-private xmlns="http://www.netbeans.org/ns/project-private/1">
    <editor-bookmarks xmlns="http://www.netbeans.org/ns/editor-bookmarks/2" lastBookmarkId="0"/>
    <open-files xmlns="http://www.netbeans.org/ns/projectui-open-files/2">
        <group>
            <file>file:/G:/kuliah/smester%204/PPT%20PROYEK/java/Project1/src/Backend/PengawasGudang.java</file>
            <file>file:/G:/kuliah/smester%204/PPT%20PROYEK/java/Project1/src/Frontend/FormLoginPengawas.java</file>
            <file>file:/G:/kuliah/smester%204/PPT%20PROYEK/java/Project1/src/Backend/DBHelper.java</file>
            <file>file:/G:/kuliah/smester%204/PPT%20PROYEK/java/Project1/src/Frontend/FormSuperAdminkePengawas.java</file>
        </group>
    </open-files>
</project-private>
